{"cameraMode":{"drawMode":0,"name":"Shaded","section":"Shading Mode"},"sceneLighting":true,"audioPlay":false,"sceneViewState":{"m_AlwaysRefresh":false,"showFog":true,"showSkybox":true,"showFlares":true,"showImageEffects":true,"showParticleSystems":true,"showVisualEffectGraphs":true,"m_FxEnabled":true},"in2DMode":false,"pivot":{"x":1.594408631324768,"y":3.363022565841675,"z":4.152242660522461},"rotation":{"x":-0.043476030230522159,"y":0.9220731258392334,"z":-0.11022555083036423,"w":-0.3675000071525574},"size":0.43213585019111636,"orthographic":false}